ID,TITLE,DESCRIPTION,USERID
1,Tag1,Description1,48
2,Tag2,Description2,31
3,Tag3,Description3,15
4,Tag4,Description4,11
5,Tag5,Description5,36
6,Tag6,Description6,22
7,Tag7,Description7,64
8,Tag8,Description8,41
9,Tag9,Description9,52
10,Tag10,Description10,79
11,Tag11,Description11,2
12,Tag12,Description12,15
13,Tag13,Description13,66
14,Tag14,Description14,24
15,Tag15,Description15,99
16,Tag16,Description16,53
17,Tag17,Description17,34
18,Tag18,Description18,55
19,Tag19,Description19,17
20,Tag20,Description20,66
21,Tag21,Description21,60
22,Tag22,Description22,2
23,Tag23,Description23,85
24,Tag24,Description24,29
25,Tag25,Description25,1
26,Tag26,Description26,95
27,Tag27,Description27,85
28,Tag28,Description28,2
29,Tag29,Description29,19
30,Tag30,Description30,80
31,Tag31,Description31,5
32,Tag32,Description32,66
33,Tag33,Description33,50
34,Tag34,Description34,17
35,Tag35,Description35,40
36,Tag36,Description36,21
37,Tag37,Description37,64
38,Tag38,Description38,84
39,Tag39,Description39,11
40,Tag40,Description40,67
41,Tag41,Description41,10
42,Tag42,Description42,23
43,Tag43,Description43,67
44,Tag44,Description44,10
45,Tag45,Description45,95
46,Tag46,Description46,58
47,Tag47,Description47,85
48,Tag48,Description48,19
49,Tag49,Description49,89
50,Tag50,Description50,36
